ID,Phase,Task,Status,Requirement,Verification
1,Funding,Execute SBDC Loan Call,READY,Use Speaker Script + V3 PDF,7.42x DSCR hardcoded
2,Scouting,Activate Perplexity Grant Search,COMPLETE,Pivot to SB Option (Dream Fund Closed),pplx- key verified
3,Compliance,Obtain CA Small Business (SB) Cert,DATA LOCKED,Start date and contact info verified — submit to Cal eProcure,Certification ID
4,Compliance,Secure Federal MBE Certification,PENDING,Update SAM.gov Profile,Active UEI Status
5,Compliance,Map NAICS 561720 (Janitorial),PENDING,Code into SAM/State profile,Profile matching
6,Compliance,Map NAICS 562111 (Hauling),PENDING,Code into SAM/State profile,Profile matching
7,Identity,Merge Prime Pathwy Domains,PENDING,Institutional Grade Matte/Gold,Live URL
8,Identity,"Setup ""Elite 10"" Consulting Bio",COMPLETE,ARTHUR_MASTER_BIO.md sealed — all platform variants ready,Instagram/Web Bio READY
9,Systems,Load Consulting MD Templates,PENDING,Move .md files to GitHub,Repo Sync
10,Systems,Automate Grant Compliance Audit,PENDING,Run sovereign_audit.yml,GitHub Green Check
11,Capital,Apply for CalOSBA Small Biz Grant,PENDING,Use V3 DSCR Data,Application Ref #
12,Capital,Apply for Waste Tire Cleanup Grant,PENDING,NAICS 562111 match,Application Ref #
13,Acquisition,Secure ZEV Truck Voucher (HVIP),PENDING,Hardware acceleration,Voucher Approval
14,Acquisition,Finalize Hauling Bed Hardware,PENDING,Match system specs,Asset on-site
15,Sovereignty,First Elite 10 System Install,PENDING,#NAME?,Payment Verified
